stock_code,stock_name,industry,price,change_pct,score,recommendation,match_details,selection_date,source,original_result
600036,招商银行,未知行业,44.05,0.0,100.0,buy,"{'passing_indicators': ['MACD', 'MA', 'CUSTOM_STABILITY', 'CUSTOM_ABSORPTION'], 'failing_indicators': [], 'condition_results': {'macd_gold': {'type': 'pattern', 'indicator_id': 'MACD', 'result': True, 'confidence': 0.8}, 'touch_ma': {'type': 'pattern', 'indicator_id': 'MA', 'result': True, 'confidence': 0.7}, 'price_stable': {'type': 'pattern', 'indicator_id': 'CUSTOM_STABILITY', 'result': True, 'confidence': 0.6}, 'xc': {'type': 'pattern', 'indicator_id': 'CUSTOM_ABSORPTION', 'result': True, 'confidence': 0.9}}, 'buypoint_specific': {'total_indicators': 8, 'positive_signals': 7, 'negative_signals': 1, 'buypoint_date': '20240601', 'analysis_periods': ['daily', '60min']}}",20240601,buypoint_analysis,"{'stock_code': '600036', 'buypoint_date': '20240601', 'indicator_results': {'period_data': {'daily':    close
0   10.0
1   10.5
2   11.0, '60min':    close
0   10.2
1   10.7
2   10.9}, 'technical_analysis': {'macd_gold': {'value': 0.15, 'signal': 'buy', 'strength': 0.8}, 'touch_ma': {'value': 1.0, 'signal': 'positive', 'strength': 0.7}, 'xc': {'value': 1.0, 'signal': 'buy', 'strength': 0.9}}}, 'pattern_results': {'macd_gold': {'detected': True, 'confidence': 0.8, 'description': 'MACD金叉信号'}, 'touch_ma': {'detected': True, 'confidence': 0.7, 'description': '触及均线支撑'}, 'price_stable': {'detected': True, 'confidence': 0.6, 'description': '价格企稳'}, 'xc': {'detected': True, 'confidence': 0.9, 'description': '吸筹信号'}}, 'summary': {'total_indicators': 8, 'positive_signals': 7, 'negative_signals': 1, 'overall_score': 91.2}}"
000001,平安银行,未知行业,11.46,0.0,97.0,buy,"{'passing_indicators': ['MACD', 'MA', 'CUSTOM_STABILITY', 'CUSTOM_ABSORPTION'], 'failing_indicators': [], 'condition_results': {'macd_gold': {'type': 'pattern', 'indicator_id': 'MACD', 'result': True, 'confidence': 0.8}, 'touch_ma': {'type': 'pattern', 'indicator_id': 'MA', 'result': True, 'confidence': 0.7}, 'price_stable': {'type': 'pattern', 'indicator_id': 'CUSTOM_STABILITY', 'result': True, 'confidence': 0.6}, 'xc': {'type': 'pattern', 'indicator_id': 'CUSTOM_ABSORPTION', 'result': True, 'confidence': 0.9}}, 'buypoint_specific': {'total_indicators': 8, 'positive_signals': 6, 'negative_signals': 2, 'buypoint_date': '20240601', 'analysis_periods': ['daily', '60min']}}",20240601,buypoint_analysis,"{'stock_code': '000001', 'buypoint_date': '20240601', 'indicator_results': {'period_data': {'daily':    close
0   10.0
1   10.5
2   11.0, '60min':    close
0   10.2
1   10.7
2   10.9}, 'technical_analysis': {'macd_gold': {'value': 0.15, 'signal': 'buy', 'strength': 0.8}, 'touch_ma': {'value': 1.0, 'signal': 'positive', 'strength': 0.7}, 'xc': {'value': 1.0, 'signal': 'buy', 'strength': 0.9}}}, 'pattern_results': {'macd_gold': {'detected': True, 'confidence': 0.8, 'description': 'MACD金叉信号'}, 'touch_ma': {'detected': True, 'confidence': 0.7, 'description': '触及均线支撑'}, 'price_stable': {'detected': True, 'confidence': 0.6, 'description': '价格企稳'}, 'xc': {'detected': True, 'confidence': 0.9, 'description': '吸筹信号'}}, 'summary': {'total_indicators': 8, 'positive_signals': 6, 'negative_signals': 2, 'overall_score': 85.0}}"
000002,万  科Ａ,未知行业,6.63,0.0,84.5,buy,"{'passing_indicators': ['MACD', 'MA', 'CUSTOM_STABILITY', 'CUSTOM_ABSORPTION'], 'failing_indicators': [], 'condition_results': {'macd_gold': {'type': 'pattern', 'indicator_id': 'MACD', 'result': True, 'confidence': 0.8}, 'touch_ma': {'type': 'pattern', 'indicator_id': 'MA', 'result': True, 'confidence': 0.7}, 'price_stable': {'type': 'pattern', 'indicator_id': 'CUSTOM_STABILITY', 'result': True, 'confidence': 0.6}, 'xc': {'type': 'pattern', 'indicator_id': 'CUSTOM_ABSORPTION', 'result': True, 'confidence': 0.9}}, 'buypoint_specific': {'total_indicators': 8, 'positive_signals': 5, 'negative_signals': 3, 'buypoint_date': '20240601', 'analysis_periods': ['daily', '60min']}}",20240601,buypoint_analysis,"{'stock_code': '000002', 'buypoint_date': '20240601', 'indicator_results': {'period_data': {'daily':    close
0   10.0
1   10.5
2   11.0, '60min':    close
0   10.2
1   10.7
2   10.9}, 'technical_analysis': {'macd_gold': {'value': 0.15, 'signal': 'buy', 'strength': 0.8}, 'touch_ma': {'value': 1.0, 'signal': 'positive', 'strength': 0.7}, 'xc': {'value': 1.0, 'signal': 'buy', 'strength': 0.9}}}, 'pattern_results': {'macd_gold': {'detected': True, 'confidence': 0.8, 'description': 'MACD金叉信号'}, 'touch_ma': {'detected': True, 'confidence': 0.7, 'description': '触及均线支撑'}, 'price_stable': {'detected': True, 'confidence': 0.6, 'description': '价格企稳'}, 'xc': {'detected': True, 'confidence': 0.9, 'description': '吸筹信号'}}, 'summary': {'total_indicators': 8, 'positive_signals': 5, 'negative_signals': 3, 'overall_score': 72.5}}"
600000,股票600000,未知行业,12.23,0.0,80.0,buy,"{'passing_indicators': ['MACD', 'MA', 'CUSTOM_STABILITY', 'CUSTOM_ABSORPTION'], 'failing_indicators': [], 'condition_results': {'macd_gold': {'type': 'pattern', 'indicator_id': 'MACD', 'result': True, 'confidence': 0.8}, 'touch_ma': {'type': 'pattern', 'indicator_id': 'MA', 'result': True, 'confidence': 0.7}, 'price_stable': {'type': 'pattern', 'indicator_id': 'CUSTOM_STABILITY', 'result': True, 'confidence': 0.6}, 'xc': {'type': 'pattern', 'indicator_id': 'CUSTOM_ABSORPTION', 'result': True, 'confidence': 0.9}}, 'buypoint_specific': {'total_indicators': 8, 'positive_signals': 5, 'negative_signals': 3, 'buypoint_date': '20240601', 'analysis_periods': ['daily', '60min']}}",20240601,buypoint_analysis,"{'stock_code': '600000', 'buypoint_date': '20240601', 'indicator_results': {'period_data': {'daily':    close
0   10.0
1   10.5
2   11.0, '60min':    close
0   10.2
1   10.7
2   10.9}, 'technical_analysis': {'macd_gold': {'value': 0.15, 'signal': 'buy', 'strength': 0.8}, 'touch_ma': {'value': 1.0, 'signal': 'positive', 'strength': 0.7}, 'xc': {'value': 1.0, 'signal': 'buy', 'strength': 0.9}}}, 'pattern_results': {'macd_gold': {'detected': True, 'confidence': 0.8, 'description': 'MACD金叉信号'}, 'touch_ma': {'detected': True, 'confidence': 0.7, 'description': '触及均线支撑'}, 'price_stable': {'detected': True, 'confidence': 0.6, 'description': '价格企稳'}, 'xc': {'detected': True, 'confidence': 0.9, 'description': '吸筹信号'}}, 'summary': {'total_indicators': 8, 'positive_signals': 5, 'negative_signals': 3, 'overall_score': 68.0}}"
